Walker	-1	Elijah	A
Walker	-1	Giovanni	B
Walker	-1	Kayden	C
Walker	-1	Yeycob	E
Walker	-1	Ayden	F
Walker	-1	Sara	F
Walker	-1	Karter	J
Walker	-1	Bayan	K
Walker	-1	Elisha Van Phir	L
Walker	-1	John	L
Walker	-1	Mateo	L
Walker	-1	Ah Hser Yu	P
Walker	-1	Ruby	S
Walker	-1	Divine	U
Walker	-1	Ms	Walker
Walker	-1	Khaiden	Y
Watson	-1	Grayson	H
Watson	-1	Alexandra	J
Watson	-1	David	K
Watson	-1	Samuel	M
Watson	-1	Riley	R
BRYSON	0	Brook	A
BRYSON	0	Elsa	B
BRYSON	0	Marlon	B
BRYSON	0	Oliver	B
BRYSON	0	Trystan	B
BRYSON	0	Ms	Bryson
BRYSON	0	Aubree	D
BRYSON	0	Sadie	D
BRYSON	0	Milagrosa	E
BRYSON	0	Dionna	H
BRYSON	0	Samantha	J
BRYSON	0	Sophia	K
BRYSON	0	Chloe	M
BRYSON	0	Aabha	P
BRYSON	0	Austin	P
BRYSON	0	Anabia	S
BRYSON	0	Sha'Niyah	S
BRYSON	0	Amina	T
FEARRINGTON	0	Andreina	A
FEARRINGTON	0	Rhys	A
FEARRINGTON	0	Madeleine	B
FEARRINGTON	0	Maxton	C
FEARRINGTON	0	Christian	D
FEARRINGTON	0	Davis	F
FEARRINGTON	0	Ms	Fearrington
FEARRINGTON	0	Magnolia	J
FEARRINGTON	0	Vincent	K
FEARRINGTON	0	Jesiah	M
FEARRINGTON	0	Jordan	M
FEARRINGTON	0	Katie	M
FEARRINGTON	0	Reagan	M
FEARRINGTON	0	Audrey	O
FEARRINGTON	0	Josie	P
FEARRINGTON	0	Ashley	R
FEARRINGTON	0	Xitlalli	R
FEARRINGTON	0	A'den	S
FEARRINGTON	0	Elizabeth	S
Gondek	0	Audrey	A
Gondek	0	Sylvie	B
Gondek	0	Phoebe	C
Gondek	0	Ms	Gondek
Gondek	0	Jayden	H
Gondek	0	Marina	H
Gondek	0	Noah	K
Gondek	0	Rachel	K
Gondek	0	Thiri	K
Gondek	0	Janiyah	M
Gondek	0	A'Siyah	Q
Gondek	0	Arabella	R
Gondek	0	Margaret	R
Gondek	0	Elise	T
Gondek	0	Wyatt	W
Gondek	0	Brandon	Z
CHERRY	1	Oreofeoluwa	A
CHERRY	1	Stella	A
CHERRY	1	Finn	B
CHERRY	1	James	B
CHERRY	1	Alexander	C
CHERRY	1	Jacob	C
CHERRY	1	Jeremiah	C
CHERRY	1	Ms	Cherry
CHERRY	1	Micaiah	F
CHERRY	1	Taylor	F
CHERRY	1	Arianna	H
CHERRY	1	Essence	H
CHERRY	1	Marley	H
CHERRY	1	Kallie	J
CHERRY	1	Qumar	M
CHERRY	1	Finch	N
CHERRY	1	Brianna	P
CHERRY	1	Emerson	S
CHERRY	1	Tyson	T
CHERRY	1	Chase	U
CHERRY	1	Sutton	Y
GREGORY	1	Amgad	A
GREGORY	1	Madilyn	C
GREGORY	1	Dominic	E
GREGORY	1	Eyad	E
GREGORY	1	Ms	Gregory
GREGORY	1	Hinari	H
GREGORY	1	Conner	K
GREGORY	1	Emma	K
GREGORY	1	Magnificat	K
GREGORY	1	Jah'meir	L
GREGORY	1	Adelyn	M
GREGORY	1	Areli	M
GREGORY	1	Kieran	M
GREGORY	1	Nicolas	P
GREGORY	1	Elijah	Q
GREGORY	1	Helena	S
GREGORY	1	John	S
GREGORY	1	Bruno	V
LOFTIN-BELL	1	Eli	B
LOFTIN-BELL	1	Evelyn	B
LOFTIN-BELL	1	Hunter	C
LOFTIN-BELL	1	Reilly	C
LOFTIN-BELL	1	Zack	C
LOFTIN-BELL	1	Ava-Elise	D
LOFTIN-BELL	1	Alice	H
LOFTIN-BELL	1	Courtney	H
LOFTIN-BELL	1	Farrah	H
LOFTIN-BELL	1	Paris	H
LOFTIN-BELL	1	Willamina	K
LOFTIN-BELL	1	Ms	Loftin-Bell
LOFTIN-BELL	1	Audrey	M
LOFTIN-BELL	1	Chit	O
LOFTIN-BELL	1	Emmanuel	O
LOFTIN-BELL	1	Christopher	P
LOFTIN-BELL	1	Xavier	P
LOFTIN-BELL	1	Madison	S
LOFTIN-BELL	1	Aniyah	T
LOFTIN-BELL	1	Yaoze	W
DIXON	2	Wilson	B
DIXON	2	Avery	C
DIXON	2	Alexandra	D
DIXON	2	Deonta	D
DIXON	2	Jaiden	D
DIXON	2	Ms	Dixon
DIXON	2	Habakkuk Cung	E
DIXON	2	Liadan	E
DIXON	2	Malcolm	E
DIXON	2	Elyssa	G
DIXON	2	Daniel	H
DIXON	2	Te'Airra	H
DIXON	2	Gabrielle	J
DIXON	2	June	J
DIXON	2	Beckam	M
DIXON	2	Ella	M
DIXON	2	Emma Kate	M
DIXON	2	Juan	M
DIXON	2	Tenley	R
DIXON	2	Zachary	S
DIXON	2	John	T
DIXON	2	Margot	v
DIXON	2	Nicholas	W
DIXON	2	Terrin	W
DIXON	2	Tinsley	Y
DIXON	2	May	Z
PULLEN	2	Henry	A
PULLEN	2	Mohamad	A
PULLEN	2	Yanzel	A
PULLEN	2	Ian	C
PULLEN	2	Mary	C
PULLEN	2	Andrew	D
PULLEN	2	Harold	D
PULLEN	2	Mila	D
PULLEN	2	Chrae	H
PULLEN	2	Jacqueline	H
PULLEN	2	Jose	H
PULLEN	2	Nathalie	H
PULLEN	2	Jaidah	J
PULLEN	2	Tyra	L
PULLEN	2	Yiran	L
PULLEN	2	Kayla	M
PULLEN	2	Siang	M
PULLEN	2	Courtney	N
PULLEN	2	Peter	N
PULLEN	2	Jaser	P
PULLEN	2	Ms	Pullen
PULLEN	2	D'Asia	R
PULLEN	2	Daisy	R
PULLEN	2	Elisa	R
PULLEN	2	Wah Moe Kler Saka Paw	S
WHITTED-POWELL	2	Sanze	A
WHITTED-POWELL	2	Meriwyn	B
WHITTED-POWELL	2	Avery	C
WHITTED-POWELL	2	Makala	D
WHITTED-POWELL	2	Nyasia	E
WHITTED-POWELL	2	Lakota	G
WHITTED-POWELL	2	Adela	H
WHITTED-POWELL	2	Haley	H
WHITTED-POWELL	2	Katirena	H
WHITTED-POWELL	2	Samuel	H
WHITTED-POWELL	2	Shanice	H
WHITTED-POWELL	2	Ka'ren	J
WHITTED-POWELL	2	Liliane	J
WHITTED-POWELL	2	Eve	L
WHITTED-POWELL	2	Ella	M
WHITTED-POWELL	2	Julian	M
WHITTED-POWELL	2	Rachel	M
WHITTED-POWELL	2	Jasper	N
WHITTED-POWELL	2	Eve	O
WHITTED-POWELL	2	Mark	O
WHITTED-POWELL	2	Campbell	P
WHITTED-POWELL	2	Aidan	R
WHITTED-POWELL	2	Alyssa	R
WHITTED-POWELL	2	Taliah	R
WHITTED-POWELL	2	Ms	Whitted-Powell
DUNLAP	3	Jason	A
DUNLAP	3	Emmett	C
DUNLAP	3	Carson	D
DUNLAP	3	Telvin	D
DUNLAP	3	Ms	Dunlap
DUNLAP	3	Bronwyn	G
DUNLAP	3	Carolina	G
DUNLAP	3	Trinity	G
DUNLAP	3	David	H
DUNLAP	3	Hezekiah	H
DUNLAP	3	Georgia	J
DUNLAP	3	Nikolai	K
DUNLAP	3	Adelyn	M
DUNLAP	3	Kpru	M
DUNLAP	3	Samaria	M
DUNLAP	3	Talia	M
DUNLAP	3	Garrett	O
DUNLAP	3	Brooke	P
DUNLAP	3	Felix-Andres	P
DUNLAP	3	Htee	P
DUNLAP	3	Sylvia	P
DUNLAP	3	Charles	T
DUNLAP	3	Kamaya	T
DUNLAP	3	Lucy	T
MASON	3	Caroline	B
MASON	3	Melvin	B
MASON	3	Ted	B
MASON	3	Leah	C
MASON	3	Theodore	C
MASON	3	Jacorey	D
MASON	3	Eleanor	E
MASON	3	Rayan	E
MASON	3	Dominick	G
MASON	3	Jomari	G
MASON	3	Julian	H
MASON	3	Nathaniel	H
MASON	3	Jett	J
MASON	3	Eva	K
MASON	3	Mary	K
MASON	3	Mira	K
MASON	3	Evan	L
MASON	3	Dominic	M
MASON	3	Eloise	M
MASON	3	Mr	Mason
MASON	3	Ryan	P
MASON	3	Vivian	W
MASON	3	Mai	Z
POWELL	3	Michaya	B
POWELL	3	Marie	C
POWELL	3	Nehemiah	F
POWELL	3	Owen	F
POWELL	3	David	G
POWELL	3	Dexter	G
POWELL	3	Olivia	H
POWELL	3	Romy	H
POWELL	3	Sydney	H
POWELL	3	Jamare	L
POWELL	3	Alyssa	M
POWELL	3	Kaylin	M
POWELL	3	Addison	P
POWELL	3	Leonardo	P
POWELL	3	Ms	Powell
POWELL	3	Anna	R
POWELL	3	Camille	R
POWELL	3	Max	R
POWELL	3	Gabrielle	S
POWELL	3	Jack	S
POWELL	3	Niko	S
POWELL	3	Sierra	T
POWELL	3	Amir'Jamal	W
POWELL	3	Nicholas	Y
COLE	4	Lila	A
COLE	4	Oluwatobiloba	A
COLE	4	Victoria	A
COLE	4	Abigail	B
COLE	4	Nolan	C
COLE	4	Ms	Cole
COLE	4	Jakayla	F
COLE	4	Charlotte	G
COLE	4	Ichiho	H
COLE	4	Logan	H
COLE	4	Luis	H
COLE	4	Sofaidtullah	H
COLE	4	Michael	I
COLE	4	David	L
COLE	4	Jose	L
COLE	4	Malachi	L
COLE	4	Arianna	M
COLE	4	Tonantzin	M
COLE	4	Morgan	O
COLE	4	Valerie	P
COLE	4	Filip Biak Rem	R
COLE	4	Ayden	W
COLE	4	Eric	W
COLE	4	Max	Z
JEFFRIES	4	Ian	B
JEFFRIES	4	Margit	B
JEFFRIES	4	Rylin	B
JEFFRIES	4	Rhiannon	E
JEFFRIES	4	Andre	F
JEFFRIES	4	Anne	H
JEFFRIES	4	Leif	H
JEFFRIES	4	Olivia	J
JEFFRIES	4	Ms	Jeffries
JEFFRIES	4	Francisco	K
JEFFRIES	4	Ashley	L
JEFFRIES	4	Samuel	L
JEFFRIES	4	Tyler	L
JEFFRIES	4	Ryan	M
JEFFRIES	4	Eleanor	N
JEFFRIES	4	Eva	N
JEFFRIES	4	Yasmine	P
JEFFRIES	4	Jamari	R
JEFFRIES	4	Aili	S
JEFFRIES	4	Terrol	S
JEFFRIES	4	Alphonso	T
JEFFRIES	4	Jackson	v
JEFFRIES	4	Anna	Y
Quicker	4	Jasiah	A
Quicker	4	Alexander	B
Quicker	4	Shian	D
Quicker	4	Christopher	E
Quicker	4	Austin	G
Quicker	4	Paul	G
Quicker	4	Zarielle	G
Quicker	4	Jocelyn	H
Quicker	4	Marquiz	J
Quicker	4	Syhre	L
Quicker	4	Aaliyah	M
Quicker	4	Grace	M
Quicker	4	Nicholas	M
Quicker	4	Hema	O
Quicker	4	George	P
Quicker	4	Ms	Quicker
Quicker	4	Emma	S
Quicker	4	Isaiah	S
Quicker	4	Zion	W
Quicker	4	Matthew	Y
SINGH	4	Liberty	A
SINGH	4	Ines	B
SINGH	4	Gabriel	C
SINGH	4	June	C
SINGH	4	Miles	C
SINGH	4	Thomas	C
SINGH	4	Madison	F
SINGH	4	Kimberly	G
SINGH	4	Luca	G
SINGH	4	Mahogany	G
SINGH	4	Conor	K
SINGH	4	Kelen	L
SINGH	4	Olivia	M
SINGH	4	Vivian	M
SINGH	4	Fadhili	N
SINGH	4	Saw Min Mya	O
SINGH	4	Tyshaun	P
SINGH	4	RyLee	R
SINGH	4	Tess	R
SINGH	4	Brieanna	S
SINGH	4	Brynn	S
SINGH	4	Michael	S
SINGH	4	Ms	Singh
SINGH	4	Merone	T
SINGH	4	Mariam	Z
GAY	5	Djina	A
GAY	5	Juliza	B
GAY	5	Robert	B
GAY	5	Nathaniel	C
GAY	5	Jashia	D
GAY	5	Henry	G
GAY	5	Kayleen	G
GAY	5	Ms	Gay
GAY	5	Madison	H
GAY	5	Jason	J
GAY	5	Caroline	K
GAY	5	NaZiya	L
GAY	5	Alyvia	M
GAY	5	Fiona	M
GAY	5	Greyson	M
GAY	5	Jeremiah	M
GAY	5	Kyler	M
GAY	5	Megan	M
GAY	5	Chloe	O
GAY	5	Mila	P
GAY	5	Jeremiah	R
GAY	5	Benjamin	S
GAY	5	Elliot	S
GAY	5	Gabriel	S
GAY	5	Henry	S
GAY	5	Olivia	T
GAY	5	Margaret	W
PATRICK	5	Elise	B
PATRICK	5	Joshua	B
PATRICK	5	Ni'em	B
PATRICK	5	Connor	H
PATRICK	5	Laila	J
PATRICK	5	Megan	J
PATRICK	5	Chloe	K
PATRICK	5	Noah	K
PATRICK	5	Ethan	L
PATRICK	5	Oscar	L
PATRICK	5	Barry	M
PATRICK	5	Jaidyn	M
PATRICK	5	Orlando	M
PATRICK	5	Shanea	M
PATRICK	5	Claire	N
PATRICK	5	Pwe Pa Sa Paw	P
PATRICK	5	Ms	Patrick
PATRICK	5	Aiyana	R
PATRICK	5	Anna	S
PATRICK	5	Graham	S
PATRICK	5	Hsa Law	S
PATRICK	5	Michael	S
PATRICK	5	Sadie	S
PATRICK	5	Solomon	S
PATRICK	5	Susan	T
PATRICK	5	Colin	W
PATRICK	5	Naomi	W
PATRICK	5	Sterling	W
SYMONS	5	Shaymaa	A
SYMONS	5	Yadana	A
SYMONS	5	Liam	B
SYMONS	5	Timmie	C
SYMONS	5	Caroline	G
SYMONS	5	Donavan	H
SYMONS	5	Janel	H
SYMONS	5	Kaw Theh Pay	H
SYMONS	5	Kendall	H
SYMONS	5	Raniya	H
SYMONS	5	Vivienne	H
SYMONS	5	Zachary	H
SYMONS	5	Joseph	L
SYMONS	5	James	M
SYMONS	5	Luis	M
SYMONS	5	Prosper	M
SYMONS	5	Adonay	P
SYMONS	5	Asia	R
SYMONS	5	Alexander	S
SYMONS	5	DelVonn	S
SYMONS	5	Luke	S
SYMONS	5	Wah Kee Lah	S
SYMONS	5	Ms	Symons
SYMONS	5	Amaya	T
SYMONS	5	Dah	W
SYMONS	5	Michael	W
SYMONS	5	Nazir	W
SYMONS	5	Nireanna	W
BANKS	9	Ms	Banks
BANKS	9	Ailicec	C
BANKS	9	Karl	H
BANKS	9	Yu-Shi	L
BANKS	9	Hsa Pla	M
BANKS	9	Duru	O
BANKS	9	Sahin	O
BANKS	9	Angelo	S
BANKS	9	Shitian	W
BANKS	9	SiBo	X
Brande	9	Jeremiah	A
Brande	9	Rubi	A
Brande	9	Ms	Brande
Brande	9	Ryan	E
Brande	9	Tyrell	L
Brande	9	Nicole	R
Brande	9	Dayner	S
Brande	9	Lin	T
Brande	9	Thomas	T
JIANG	9	Asmaa	A
Jiang	9	Fengyu	G
Jiang	9	Sol	G
JIANG	9	Ms	Jiang
JIANG	9	King Alex	K
JIANG	9	Raissa	K
JIANG	9	Andree	M
JIANG	9	Jacqueline	R
JIANG	9	Juan	S
JIANG	9	Carolin	V
Jiang	9	Brian	W
OLESCO	9	Ayden	C
OLESCO	9	David	M
OLESCO	9	Emily	M
OLESCO	9	Ms	Olesco
OLESCO	9	Caleb	P
OLESCO	9	Lin Pyae	T
OLESCO	9	Su Latt	Y